00-mu-safe-loader.php	1	f4ee2901fc33550f673cf857266a92c0e0c6eb54
wtp-canonical.php	1	d6bb62749639b0dcf6be2ab458d4f9c01812c5af
wtp-canonical-redirects.php	1	e1bd25071fbf11d35969376604b027dd5e15e5b9
wtp-deploy-guard.php	1	1355a667f4684ef6fcc701abe2f623b3774fad50
wtp-dev-bridge.php	1	d6b5399b39de4ba8a435cbc7f05fdc694044cb2d
wtp-exporter-chunked.php.off	1	be11f45684b39205ad3d27809d66e44b01541d42
wtp-log-mirror.php.off	1	1d2d8007b601b7c193987a6d2b405cdc9f0a1a06
wtp-logs-export.php.off	1	21e6751a6a55dad3d2b0f760571a631122b1fcec
wtp-patcher-plugins.php.off	1	66d1bab8038e3aae2c5ee59ee1aecde391932a59
wtp-patcher-theme.php.off	1	7db740762f02b9f7556b929ec335f7a9b6da3a06
wtp-patch-safe-loader-log.php	1	35a37b98fde52eabd6633260fb92e503881f46c6
wtp-plugins-manifest.php.off	1	cb45506d8e7da11e0be4f74d2ea1342de35c375b
wtp-push-runner-cron.php.off	1	d85b1fb2110b61b2afdd95505d8b290b3e417a8d
wtp-ro-exporter.php	1	bc2b4aff0454d8268e7657bca526cfa751534304
wtp-seo.php.off	1	faa2c5b96b69fe578fb4f4cf311e699e736e1ff6
wtp-tax-i18n-seo.php.off	1	9656d2552cb9da4e7f39f40e7c1e3f1005b507f5
wtp-theme-seo-bridge.php.off	1	cd9bf7977a398d0885a1f23c015a24f4bdf6c845
wtp-translate.php.off	1	be5c93964f436c2bba33e92e0a8dd27d17f6cbf7
