classic-editor	6	5965f7c7773fbd3962fa0df96205099dfdb6b7bd
cookie-law-info	345	0b810413734a74ef614b884d95ddfe6b502c5cf7
litespeed-cache	307	e689d18cb2619aa77a845ad5603c7bb1d8a89b95
pretty-link	368	5fd46e265a5a2664de4da14395fa1f974454c9fd
seo-by-rank-math	895	6dc78e3cf064f75fda1d307d4705d38265cc3508
wordfence	729	fed434b130461e6f5c1c3963c86afd3aa0e1c9df
00-mu-safe-loader	0	
wtp-canonical	0	
wtp-canonical-redirects	0	
wtp-deploy-guard	0	
wtp-dev-bridge	0	
wtp-patch-safe-loader-log	0	
wtp-ro-exporter	0	
